{
  "_links": {
    "self": {
      "href": "http://localhost:9091/actuator",
      "templated": false
    },
    "beans": {
      "href": "http://localhost:9091/actuator/beans",
      "templated": false
    },
    "caches-cache": {
      "href": "http://localhost:9091/actuator/caches/{cache}",
      "templated": true
    },
    "caches": {
      "href": "http://localhost:9091/actuator/caches",
      "templated": false
    },
    "health": {
      "href": "http://localhost:9091/actuator/health",
      "templated": false
    },
    "health-path": {
      "href": "http://localhost:9091/actuator/health/{*path}",
      "templated": true
    },
    "info": {
      "href": "http://localhost:9091/actuator/info",
      "templated": false
    },
    "conditions": {
      "href": "http://localhost:9091/actuator/conditions",
      "templated": false
    },
    "configprops": {
      "href": "http://localhost:9091/actuator/configprops",
      "templated": false
    },
    "env": {
      "href": "http://localhost:9091/actuator/env",
      "templated": false
    },
    "env-toMatch": {
      "href": "http://localhost:9091/actuator/env/{toMatch}",
      "templated": true
    },
    "loggers": {
      "href": "http://localhost:9091/actuator/loggers",
      "templated": false
    },
    "loggers-name": {
      "href": "http://localhost:9091/actuator/loggers/{name}",
      "templated": true
    },
    "heapdump": {
      "href": "http://localhost:9091/actuator/heapdump",
      "templated": false
    },
    "threaddump": {
      "href": "http://localhost:9091/actuator/threaddump",
      "templated": false
    },
    "metrics-requiredMetricName": {
      "href": "http://localhost:9091/actuator/metrics/{requiredMetricName}",
      "templated": true
    },
    "metrics": {
      "href": "http://localhost:9091/actuator/metrics",
      "templated": false
    },
    "scheduledtasks": {
      "href": "http://localhost:9091/actuator/scheduledtasks",
      "templated": false
    },
    "mappings": {
      "href": "http://localhost:9091/actuator/mappings",
      "templated": false
    }
  }
}